,time,PLUS_DI,MINUS_DI,ADX
0,2022-10-28 19:00,42.2427,1.3979,
1,2022-10-28 20:00,43.3566,1.3567,
2,2022-10-31 05:00,37.5851,12.1926,
3,2022-10-31 06:00,36.3628,11.7961,
4,2022-10-31 07:00,33.4987,15.5169,
5,2022-10-31 08:00,31.7467,14.7054,
6,2022-10-31 09:00,34.8531,13.0213,
7,2022-10-31 10:00,29.3135,18.7313,
8,2022-10-31 11:00,26.1036,18.5654,
9,2022-10-31 12:00,24.2301,18.8368,
10,2022-10-31 13:00,23.4329,17.8356,
11,2022-10-31 14:00,23.9704,16.6213,
12,2022-10-31 15:00,23.0144,15.9584,
13,2022-10-31 16:00,22.1638,17.3927,
14,2022-10-31 17:00,21.8124,17.1169,37.27
15,2022-10-31 18:00,21.4462,16.9283,31.45
16,2022-10-31 19:00,21.199,16.7332,25.58
17,2022-10-31 20:00,22.44,16.399,22.78
18,2022-11-01 05:00,28.4277,15.0173,20.24
19,2022-11-01 06:00,27.4884,14.9769,19.83
20,2022-11-01 07:00,28.524,14.5658,19.31
21,2022-11-01 08:00,27.8504,14.0948,18.37
22,2022-11-01 09:00,29.5572,13.1277,19.14
23,2022-11-01 10:00,32.2759,11.3446,20.68
24,2022-11-01 11:00,26.261,21.1525,23.21
25,2022-11-01 12:00,24.0572,19.7427,23.01
26,2022-11-01 13:00,25.8472,18.2785,22.42
27,2022-11-01 14:00,24.576,18.3407,22.36
28,2022-11-01 15:00,23.3154,18.028,22.53
29,2022-11-01 16:00,21.2876,21.452,22.58
30,2022-11-01 17:00,14.1508,31.3914,21.77
31,2022-11-01 18:00,25.934,25.4369,23.63
32,2022-11-01 19:00,24.9825,24.5037,22.59
33,2022-11-01 20:00,24.6461,24.1738,20.46
34,2022-11-02 05:00,26.146,22.8815,18.42
35,2022-11-02 06:00,25.1106,21.9754,16.58
36,2022-11-02 07:00,24.4803,21.4238,14.72
37,2022-11-02 08:00,29.8044,19.5418,12.44
38,2022-11-02 09:00,28.4574,17.0885,10.5
39,2022-11-02 10:00,23.8375,17.5219,11.51
40,2022-11-02 11:00,20.9696,18.8867,11.9
41,2022-11-02 12:00,20.0586,18.1301,11.05
42,2022-11-02 13:00,18.8108,18.9378,10.37
43,2022-11-02 14:00,17.974,19.4233,9.48
44,2022-11-02 15:00,23.9879,16.3983,9.73
45,2022-11-02 16:00,20.8914,21.9813,8.37
46,2022-11-02 17:00,20.1898,23.2464,8.48
47,2022-11-02 18:00,19.8993,22.912,8.92
48,2022-11-02 19:00,19.6218,23.323,9.35
49,2022-11-02 20:00,19.2366,23.7065,9.49
50,2022-11-03 05:00,20.9497,22.7777,9.76
51,2022-11-03 06:00,20.5169,22.3071,9.58
52,2022-11-03 07:00,19.7833,23.8138,8.39
53,2022-11-03 08:00,18.6502,26.1607,7.27
54,2022-11-03 09:00,21.2538,23.216,7.38
55,2022-11-03 10:00,20.9985,20.3891,7.32
56,2022-11-03 11:00,32.6995,16.3458,7.06
57,2022-11-03 12:00,31.4738,14.6121,9.42
58,2022-11-03 13:00,29.7644,14.1889,11.76
59,2022-11-03 14:00,28.4772,13.5752,12.95
60,2022-11-03 15:00,27.4798,13.2319,15.3
61,2022-11-03 16:00,23.7448,21.2428,17.29
62,2022-11-03 17:00,23.132,20.6946,17.19
63,2022-11-03 18:00,23.5563,20.1077,16.97
64,2022-11-03 19:00,23.1523,21.0492,16.79
65,2022-11-03 20:00,23.5636,20.6675,16.83
66,2022-11-04 05:00,30.672,18.7454,17.0
67,2022-11-04 06:00,29.5222,18.0427,18.06
68,2022-11-04 07:00,28.903,17.6643,18.59
69,2022-11-04 08:00,28.4104,17.2595,20.0
70,2022-11-04 09:00,25.2486,15.3387,21.64
71,2022-11-04 10:00,28.8913,12.6132,21.0
72,2022-11-04 11:00,25.8118,11.2688,21.19
73,2022-11-04 12:00,23.4551,12.2584,21.46
74,2022-11-04 13:00,21.5819,12.4331,21.17
75,2022-11-04 14:00,20.5074,11.8141,20.59
76,2022-11-04 15:00,19.1743,12.4299,22.11
77,2022-11-04 16:00,22.7224,11.6167,23.24
78,2022-11-04 17:00,22.5304,11.2949,24.99
79,2022-11-04 18:00,22.0459,11.2057,27.02
80,2022-11-04 19:00,21.865,11.1137,28.88
81,2022-11-04 20:00,21.6168,11.2496,29.48
82,2022-11-07 05:00,24.7327,10.7636,30.01
83,2022-11-07 06:00,25.3707,10.3138,31.1
84,2022-11-07 07:00,25.4348,10.0623,32.37
85,2022-11-07 08:00,25.3948,9.7251,33.72
86,2022-11-07 09:00,22.2338,17.8981,34.11
87,2022-11-07 10:00,23.3872,14.6749,32.08
88,2022-11-07 11:00,20.9119,13.1218,31.47
89,2022-11-07 12:00,19.4616,12.2117,31.19
90,2022-11-07 13:00,18.6897,12.4024,30.9
91,2022-11-07 14:00,19.2531,11.8274,30.82
92,2022-11-07 15:00,23.8525,11.1216,30.22
93,2022-11-07 16:00,27.3319,10.3126,30.44
94,2022-11-07 17:00,26.6282,10.0471,31.34
95,2022-11-07 18:00,26.3671,9.9486,32.24
96,2022-11-07 19:00,26.2184,9.8139,33.22
97,2022-11-07 20:00,28.3257,9.5047,33.66
98,2022-11-08 05:00,27.8858,9.1308,34.2
99,2022-11-08 06:00,30.0152,8.6294,34.73
100,2022-11-08 07:00,32.5006,8.0262,35.49
101,2022-11-08 08:00,31.3247,7.6487,39.03
102,2022-11-08 09:00,32.1474,7.0259,41.74
103,2022-11-08 10:00,27.0621,13.8239,44.68
104,2022-11-08 11:00,24.9908,12.0574,45.36
105,2022-11-08 12:00,25.4048,10.9905,46.41
106,2022-11-08 13:00,24.0213,10.3919,47.53
107,2022-11-08 14:00,20.8404,16.5093,47.76
108,2022-11-08 15:00,18.6278,22.6126,45.36
109,2022-11-08 16:00,22.5053,20.5888,42.82
110,2022-11-08 17:00,21.8479,19.9873,39.91
111,2022-11-08 18:00,22.0385,19.7181,36.98
112,2022-11-08 19:00,22.6106,19.3146,33.82
113,2022-11-08 20:00,24.7707,18.3829,30.76
114,2022-11-09 05:00,22.0336,22.881,27.87
115,2022-11-09 06:00,21.2298,23.714,23.69
116,2022-11-09 07:00,23.1018,22.171,19.74
117,2022-11-09 08:00,22.1745,22.3659,15.31
118,2022-11-09 09:00,19.093,27.9087,13.03
119,2022-11-09 10:00,15.9197,32.3932,11.87
120,2022-11-09 11:00,14.3306,33.8005,11.48
121,2022-11-09 12:00,13.5149,31.8767,11.54
122,2022-11-09 13:00,12.6544,32.4477,13.6
123,2022-11-09 14:00,11.3619,35.7233,16.05
124,2022-11-09 15:00,10.7496,34.3282,19.43
125,2022-11-09 16:00,10.3082,33.7399,22.84
126,2022-11-09 17:00,10.0901,33.026,26.25
127,2022-11-09 18:00,9.9765,32.654,29.48
128,2022-11-09 19:00,9.8355,32.8448,32.23
129,2022-11-09 20:00,9.6325,32.5101,35.94
130,2022-11-10 05:00,11.7683,31.6126,39.43
131,2022-11-10 06:00,11.5006,32.41,42.55
132,2022-11-10 07:00,11.2555,31.7193,45.92
133,2022-11-10 08:00,10.5588,34.062,47.98
134,2022-11-10 09:00,37.733,22.0694,49.31
135,2022-11-10 10:00,50.4433,17.0119,48.29
136,2022-11-10 11:00,53.7782,14.9313,48.94
137,2022-11-10 12:00,52.0662,13.6149,49.84
138,2022-11-10 13:00,48.6735,12.6308,50.33
139,2022-11-10 14:00,47.4522,11.7144,50.79
140,2022-11-10 15:00,47.617,11.3911,51.31
141,2022-11-10 16:00,48.4495,10.7027,51.89
142,2022-11-10 17:00,46.386,10.2469,52.65
143,2022-11-10 18:00,46.7786,9.9511,53.36
144,2022-11-10 19:00,45.842,10.8836,54.12
145,2022-11-10 20:00,46.5593,10.4149,55.25
146,2022-11-11 05:00,51.6452,9.3898,56.38
147,2022-11-11 06:00,48.9803,8.9053,57.92
148,2022-11-11 07:00,47.5233,8.7333,59.11
149,2022-11-11 08:00,48.2236,8.2697,62.16
150,2022-11-11 09:00,42.1593,12.2188,63.67
151,2022-11-11 10:00,35.4332,13.1048,63.57
152,2022-11-11 11:00,39.8974,11.0724,62.67
153,2022-11-11 12:00,39.4064,9.7728,62.51
154,2022-11-11 13:00,39.4488,9.3038,62.5
155,2022-11-11 14:00,41.5763,8.7758,62.53
156,2022-11-11 15:00,41.2763,8.3505,62.63
157,2022-11-11 16:00,38.0386,11.1734,62.81
158,2022-11-11 17:00,36.5811,11.8948,62.07
159,2022-11-11 18:00,36.0163,11.7112,61.31
160,2022-11-11 19:00,36.1072,11.572,60.41
161,2022-11-11 20:00,35.6098,11.78,59.14
162,2022-11-14 05:00,45.6217,9.9331,57.79
163,2022-11-14 06:00,43.5488,9.4817,57.45
164,2022-11-14 07:00,41.8009,8.8754,56.99
165,2022-11-14 08:00,41.9638,8.2318,57.7
166,2022-11-14 09:00,33.7956,17.8593,59.21
167,2022-11-14 10:00,30.4086,14.4184,57.38
168,2022-11-14 11:00,27.137,12.8671,55.62
169,2022-11-14 12:00,27.3553,11.6151,53.75
170,2022-11-14 13:00,25.8266,10.8878,51.98
171,2022-11-14 14:00,25.1872,10.3533,50.15
172,2022-11-14 15:00,24.5511,9.8276,49.23
173,2022-11-14 16:00,22.2003,15.0822,48.65
174,2022-11-14 17:00,21.5881,14.6663,46.38
175,2022-11-14 18:00,21.2104,14.2734,44.07
176,2022-11-14 19:00,20.6453,13.8931,41.87
177,2022-11-14 20:00,20.662,13.5979,38.68
178,2022-11-15 05:00,26.6161,12.5516,35.57
179,2022-11-15 06:00,27.5774,12.0147,33.49
180,2022-11-15 07:00,26.9897,11.7587,31.5
181,2022-11-15 08:00,30.0242,10.8755,32.1
182,2022-11-15 09:00,33.6939,8.1643,32.9
183,2022-11-15 10:00,33.0198,7.3073,34.71
184,2022-11-15 11:00,35.5562,6.2791,36.38
185,2022-11-15 12:00,33.4363,7.3953,38.47
186,2022-11-15 13:00,32.9388,7.1078,40.04
187,2022-11-15 14:00,28.8124,15.6936,41.59
188,2022-11-15 15:00,26.5058,14.4372,42.33
189,2022-11-15 16:00,25.4793,13.8781,43.07
190,2022-11-15 17:00,24.8413,13.5306,43.78
191,2022-11-15 18:00,24.5762,13.4529,44.49
192,2022-11-15 19:00,23.7902,15.7342,45.11
193,2022-11-15 20:00,23.0984,16.2945,44.0
194,2022-11-16 05:00,26.3055,14.521,42.42
195,2022-11-16 06:00,25.4636,14.0563,41.68
196,2022-11-16 07:00,24.3753,17.5044,40.4
197,2022-11-16 08:00,22.966,18.1661,37.21
198,2022-11-16 09:00,19.6633,20.1835,33.49
199,2022-11-16 10:00,17.0488,28.3728,28.59
200,2022-11-16 11:00,15.5165,28.9043,25.81
201,2022-11-16 12:00,14.2459,26.5375,23.36
202,2022-11-16 13:00,13.516,25.1778,23.4
203,2022-11-16 14:00,12.8322,26.6757,23.45
204,2022-11-16 15:00,12.3058,25.5814,23.85
205,2022-11-16 16:00,11.3708,27.8287,24.25
206,2022-11-16 17:00,15.3702,23.6023,25.16
207,2022-11-16 18:00,14.8141,22.7484,25.21
208,2022-11-16 19:00,14.5112,22.2832,25.48
209,2022-11-16 20:00,16.1376,21.8032,24.93
210,2022-11-17 05:00,18.2226,20.2525,23.94
211,2022-11-17 06:00,17.2107,22.8543,23.14
212,2022-11-17 07:00,16.5592,22.3677,23.31
213,2022-11-17 08:00,17.1351,20.7912,24.29
214,2022-11-17 09:00,13.9292,29.4407,23.19
215,2022-11-17 10:00,11.1173,25.7785,23.6
216,2022-11-17 11:00,10.9483,23.5644,24.28
217,2022-11-17 12:00,12.3945,21.4623,24.74
218,2022-11-17 13:00,11.8772,20.3235,24.15
219,2022-11-17 14:00,11.9268,19.6578,23.52
220,2022-11-17 15:00,11.287,21.5241,22.27
221,2022-11-17 16:00,10.7225,21.7284,22.99
222,2022-11-17 17:00,13.1677,20.9178,23.9
223,2022-11-17 18:00,13.5047,20.4991,24.02
224,2022-11-17 19:00,13.7482,20.223,24.42
225,2022-11-17 20:00,15.1213,19.4365,25.41
226,2022-11-18 05:00,15.1501,18.5988,25.29
227,2022-11-18 06:00,16.5142,17.7876,24.96
228,2022-11-18 07:00,16.3783,17.5521,24.53
229,2022-11-18 08:00,21.1202,16.2621,22.22
230,2022-11-18 09:00,18.4034,20.2145,20.31
231,2022-11-18 10:00,15.5105,21.714,18.04
232,2022-11-18 11:00,14.3678,25.5519,17.32
233,2022-11-18 12:00,13.3773,26.2526,17.44
234,2022-11-18 13:00,12.7586,26.7727,18.02
235,2022-11-18 14:00,14.7299,25.0934,18.32
236,2022-11-18 15:00,16.2649,24.1087,17.76
237,2022-11-18 16:00,18.8757,22.9361,17.52
238,2022-11-18 17:00,18.4757,22.4501,16.74
239,2022-11-18 18:00,18.3309,22.3612,16.08
240,2022-11-18 19:00,18.793,21.8092,15.89
241,2022-11-18 20:00,18.4835,21.45,15.69
242,2022-11-21 05:00,16.4728,29.0654,15.96
243,2022-11-21 06:00,15.9304,28.1084,17.69
244,2022-11-21 07:00,15.5256,27.3942,18.73
245,2022-11-21 08:00,14.7354,28.493,20.37
246,2022-11-21 09:00,22.22,24.3917,21.46
247,2022-11-21 10:00,19.6287,24.7359,19.79
248,2022-11-21 11:00,17.6853,25.2041,18.29
249,2022-11-21 12:00,16.6248,23.6928,17.01
250,2022-11-21 13:00,15.7439,22.5286,16.4
251,2022-11-21 14:00,16.2285,21.001,16.28
252,2022-11-21 15:00,15.4888,20.0438,16.5
253,2022-11-21 16:00,17.8096,19.003,16.72
254,2022-11-21 17:00,17.3602,18.5235,16.25
255,2022-11-21 18:00,17.1553,18.3048,15.95
256,2022-11-21 19:00,17.1681,18.0748,15.65
257,2022-11-21 20:00,18.7519,17.5985,13.86
258,2022-11-22 05:00,17.4467,22.014,12.11
259,2022-11-22 06:00,16.9218,21.3518,10.96
260,2022-11-22 07:00,16.2843,22.6259,9.52
261,2022-11-22 08:00,21.2817,21.064,10.35
262,2022-11-22 09:00,26.2328,18.011,9.56
263,2022-11-22 10:00,23.0452,15.8225,9.64
264,2022-11-22 11:00,28.6256,14.3337,9.71
265,2022-11-22 12:00,29.012,13.1573,10.82
266,2022-11-22 13:00,28.3797,12.6648,12.59
267,2022-11-22 14:00,28.0125,11.9358,14.41
268,2022-11-22 15:00,29.7601,11.3718,17.05
269,2022-11-22 16:00,35.9253,10.2621,20.02
270,2022-11-22 17:00,35.357,10.0998,23.75
271,2022-11-22 18:00,36.0172,9.9563,27.54
272,2022-11-22 19:00,36.8516,9.6999,31.36
273,2022-11-22 20:00,37.5786,9.3717,34.7
274,2022-11-23 05:00,42.0612,8.1254,38.16
275,2022-11-23 06:00,39.4333,7.6177,41.83
276,2022-11-23 07:00,38.2824,7.3954,46.62
277,2022-11-23 08:00,38.0212,7.1493,50.13
278,2022-11-23 09:00,32.5444,17.323,53.68
279,2022-11-23 10:00,42.4278,12.6791,53.48
280,2022-11-23 11:00,41.5798,11.3091,54.65
281,2022-11-23 12:00,34.2159,22.9983,56.01
282,2022-11-23 13:00,32.0246,21.5254,54.53
283,2022-11-23 14:00,30.6093,20.0274,52.74
284,2022-11-23 15:00,32.2059,17.8628,50.26
285,2022-11-23 16:00,29.7605,17.3704,48.34
286,2022-11-23 17:00,29.2971,17.0999,46.17
287,2022-11-23 18:00,29.8811,16.8179,43.88
288,2022-11-23 19:00,30.1613,16.6268,41.59
289,2022-11-23 20:00,30.5082,16.3361,38.83
290,2022-11-25 05:00,26.6503,22.0837,36.16
291,2022-11-25 06:00,25.8213,21.3967,32.0
292,2022-11-25 07:00,25.2953,20.9609,27.78
293,2022-11-25 08:00,26.962,19.9402,26.27
294,2022-11-25 09:00,24.3476,22.6295,23.49
295,2022-11-25 10:00,20.553,32.6378,19.66
296,2022-11-25 11:00,18.7544,29.7817,19.88
297,2022-11-25 12:00,17.9186,28.4545,20.1
298,2022-11-25 13:00,17.2449,28.3515,20.23
299,2022-11-25 14:00,17.225,28.3187,19.93
300,2022-11-25 17:00,16.9301,29.546,19.79
301,2022-11-28 05:00,14.9597,37.7456,19.85
302,2022-11-28 06:00,14.5229,37.7384,20.94
303,2022-11-28 07:00,16.0719,36.4951,22.05
304,2022-11-28 08:00,16.7514,35.3377,22.66
305,2022-11-28 09:00,15.4135,37.098,24.54
306,2022-11-28 10:00,23.2385,28.5297,26.82
307,2022-11-28 11:00,19.7354,24.2289,26.88
308,2022-11-28 12:00,18.9869,23.31,26.54
309,2022-11-28 13:00,17.1636,26.8823,27.01
310,2022-11-28 14:00,15.9135,26.3228,26.97
311,2022-11-28 15:00,15.1025,28.6563,27.1
312,2022-11-28 16:00,13.8887,28.7795,27.69
313,2022-11-28 17:00,13.5494,28.0764,28.45
314,2022-11-28 18:00,13.1289,28.7568,29.2
315,2022-11-28 19:00,12.8678,28.1849,29.92
316,2022-11-28 20:00,14.342,27.3912,29.5
317,2022-11-29 05:00,22.0507,24.9261,28.56
318,2022-11-29 06:00,21.4681,24.7708,26.22
319,2022-11-29 07:00,20.9848,24.2131,24.19
320,2022-11-29 08:00,20.179,24.1062,21.75
321,2022-11-29 09:00,18.5162,24.8033,21.65
322,2022-11-29 10:00,15.7371,27.0594,21.96
323,2022-11-29 11:00,18.587,24.0124,23.12
324,2022-11-29 12:00,16.0291,29.075,22.45
325,2022-11-29 13:00,15.3034,27.7585,22.75
326,2022-11-29 14:00,16.8922,25.896,22.61
327,2022-11-29 15:00,16.9725,24.1786,21.62
328,2022-11-29 16:00,15.8959,24.8938,20.38
329,2022-11-29 17:00,15.4358,24.4145,19.29
330,2022-11-29 18:00,14.7646,25.7134,18.23
331,2022-11-29 19:00,14.4362,25.1415,17.93
332,2022-11-29 20:00,15.7064,24.4861,19.42
333,2022-11-30 05:00,20.2395,22.7701,20.47
334,2022-11-30 07:00,21.7637,22.2114,20.39
335,2022-11-30 08:00,20.887,23.5545,19.82
336,2022-11-30 09:00,18.3514,28.7412,19.22
337,2022-11-30 10:00,26.972,21.9124,18.9
338,2022-11-30 11:00,23.5174,20.4869,18.73
339,2022-11-30 12:00,22.142,19.2887,17.16
340,2022-11-30 13:00,20.089,22.9989,15.58
341,2022-11-30 14:00,27.995,18.4216,14.56
342,2022-11-30 15:00,39.3818,15.2329,14.79
343,2022-11-30 16:00,41.4413,13.623,16.37
344,2022-11-30 17:00,42.6241,12.696,18.37
345,2022-11-30 18:00,40.6276,12.1014,20.3
346,2022-11-30 19:00,39.5769,11.7884,22.23
347,2022-11-30 20:00,38.7143,11.5315,24.54
348,2022-12-01 05:00,35.0158,17.9487,27.98
349,2022-12-01 06:00,34.5225,17.6958,30.21
350,2022-12-01 07:00,34.6576,17.2594,32.08
351,2022-12-01 08:00,38.6795,16.1445,32.9
352,2022-12-01 09:00,40.8823,14.067,35.1
353,2022-12-01 10:00,38.2791,12.0468,38.09
354,2022-12-01 11:00,30.7128,17.989,41.32
355,2022-12-01 12:00,28.3531,16.6068,42.71
356,2022-12-01 13:00,26.6965,17.5093,43.1
357,2022-12-01 14:00,25.5814,16.778,41.42
358,2022-12-01 15:00,26.4749,15.8665,39.3
359,2022-12-01 16:00,27.6136,15.3227,37.23
360,2022-12-01 17:00,24.7542,21.5718,35.41
361,2022-12-01 18:00,24.1378,21.0347,32.03
362,2022-12-01 19:00,24.7016,20.6834,28.66
363,2022-12-01 20:00,24.1305,20.8525,26.99
364,2022-12-02 05:00,25.3131,20.0537,25.21
365,2022-12-02 06:00,24.5288,19.4324,23.64
366,2022-12-02 07:00,24.2194,19.1034,21.53
367,2022-12-02 08:00,24.3211,18.657,18.89
368,2022-12-02 09:00,18.3421,36.2138,16.11
369,2022-12-02 10:00,15.4288,31.0343,16.58
370,2022-12-02 11:00,14.0647,28.2905,17.12
371,2022-12-02 12:00,13.1592,26.712,18.03
372,2022-12-02 13:00,12.0456,28.6827,18.98
373,2022-12-02 14:00,11.0308,30.3605,20.1
374,2022-12-02 15:00,13.2051,28.2971,21.39
375,2022-12-02 16:00,17.8219,26.201,23.5
376,2022-12-02 17:00,17.1523,25.2166,24.37
377,2022-12-02 18:00,17.0176,25.0186,25.1
378,2022-12-02 19:00,17.2316,24.7856,25.94
379,2022-12-02 20:00,17.0604,24.8381,26.39
380,2022-12-05 05:00,15.4126,26.881,26.89
381,2022-12-05 06:00,15.1448,26.414,27.98
382,2022-12-05 07:00,15.3154,25.9569,28.98
383,2022-12-05 08:00,16.8419,24.9401,28.48
384,2022-12-05 09:00,20.3374,21.8347,27.47
385,2022-12-05 10:00,18.151,21.4143,25.32
386,2022-12-05 11:00,16.2517,23.5743,23.48
387,2022-12-05 12:00,14.8875,21.5954,21.88
388,2022-12-05 13:00,13.9119,20.7617,19.86
389,2022-12-05 14:00,12.6549,24.9728,18.67
390,2022-12-05 15:00,11.7411,26.0203,19.65
391,2022-12-05 16:00,12.0306,24.3273,20.99
392,2022-12-05 17:00,11.8115,23.8844,22.05
393,2022-12-05 18:00,11.6968,23.6524,23.18
394,2022-12-05 19:00,11.8798,23.3272,24.27
395,2022-12-05 20:00,12.5722,22.7928,24.65
396,2022-12-06 05:00,12.1464,22.7735,24.78
397,2022-12-06 06:00,11.7649,22.0582,25.11
398,2022-12-06 07:00,11.6337,21.8123,25.9
399,2022-12-06 08:00,14.4371,21.0845,27.82
400,2022-12-06 09:00,12.7799,26.8237,28.57
401,2022-12-06 10:00,8.9906,41.3965,29.79
402,2022-12-06 11:00,8.1785,41.2498,33.07
403,2022-12-06 12:00,7.7138,38.906,36.44
404,2022-12-06 13:00,7.1073,40.1403,38.88
405,2022-12-06 14:00,6.768,38.224,41.17
406,2022-12-06 15:00,5.8929,42.83,43.75
407,2022-12-06 16:00,5.3227,41.1057,46.75
408,2022-12-06 17:00,5.7361,40.3489,49.84
409,2022-12-06 18:00,5.686,39.9964,52.88
410,2022-12-06 19:00,6.0707,39.4399,56.18
411,2022-12-06 20:00,5.8798,40.2558,59.24
412,2022-12-07 05:00,5.3312,43.9402,62.39
413,2022-12-07 06:00,5.0487,42.9365,65.82
414,2022-12-07 07:00,4.8175,40.9702,70.12
415,2022-12-07 08:00,4.4064,43.2038,73.23
416,2022-12-07 09:00,8.7533,37.6222,74.45
417,2022-12-07 10:00,19.0115,29.7765,74.12
418,2022-12-07 11:00,16.1909,25.3588,70.92
419,2022-12-07 12:00,14.8434,22.5773,67.5
420,2022-12-07 13:00,14.0401,21.3554,63.98
421,2022-12-07 14:00,12.6812,21.9204,60.04
422,2022-12-07 15:00,11.9491,22.1197,56.44
423,2022-12-07 16:00,11.4325,21.1634,53.21
424,2022-12-07 17:00,11.1448,20.6309,49.98
425,2022-12-07 18:00,11.0013,20.3652,46.88
426,2022-12-07 19:00,10.8622,20.1077,43.69
427,2022-12-07 20:00,10.6686,21.0864,40.22
428,2022-12-08 05:00,14.3179,19.8255,36.92
429,2022-12-08 06:00,13.56,21.4227,32.44
430,2022-12-08 07:00,13.0273,20.581,28.22
431,2022-12-08 08:00,12.0394,21.5086,25.38
432,2022-12-08 09:00,14.2978,18.4888,25.82
433,2022-12-08 10:00,11.8834,20.9628,25.16
434,2022-12-08 11:00,15.1627,18.4554,25.66
435,2022-12-08 12:00,14.1818,17.2614,24.88
436,2022-12-08 13:00,13.0124,19.544,23.67
437,2022-12-08 14:00,12.3122,18.4923,22.97
438,2022-12-08 15:00,11.4924,20.5348,22.27
439,2022-12-08 16:00,15.6732,18.7701,22.16
440,2022-12-08 17:00,16.823,17.9572,20.67
441,2022-12-08 18:00,16.4147,17.5213,18.77
442,2022-12-08 19:00,16.203,17.2953,16.66
443,2022-12-08 20:00,15.8184,18.1281,15.74
444,2022-12-09 05:00,17.8446,17.4894,14.62
445,2022-12-09 06:00,18.4917,17.037,13.08
446,2022-12-09 07:00,18.2975,16.8581,11.36
447,2022-12-09 08:00,20.6041,15.8077,10.74
448,2022-12-09 09:00,16.676,26.4283,9.71
449,2022-12-09 10:00,14.217,31.4423,10.62
450,2022-12-09 11:00,14.3523,26.7902,12.62
451,2022-12-09 12:00,15.5067,23.8856,13.34
452,2022-12-09 13:00,14.4318,22.2299,13.43
453,2022-12-09 14:00,13.6788,25.6539,12.93
454,2022-12-09 15:00,13.1117,25.8794,14.47
455,2022-12-09 16:00,11.7392,30.4985,16.57
456,2022-12-09 17:00,11.1724,31.1719,19.51
457,2022-12-09 18:00,10.8976,31.8398,22.65
458,2022-12-09 19:00,10.7319,31.3554,25.67
459,2022-12-09 20:00,12.0773,30.3262,29.09
460,2022-12-12 05:00,14.8302,28.5842,31.88
461,2022-12-12 06:00,14.56,28.0634,33.85
462,2022-12-12 07:00,14.9789,27.6296,35.17
463,2022-12-12 08:00,15.7892,26.8839,35.67
464,2022-12-12 09:00,14.8809,27.8028,34.84
465,2022-12-12 10:00,12.1774,34.461,34.84
466,2022-12-12 11:00,11.0956,31.3996,36.73
467,2022-12-12 12:00,20.5413,27.7844,38.63
468,2022-12-12 13:00,23.3112,25.0171,37.52
469,2022-12-12 14:00,21.3254,22.886,35.43
470,2022-12-12 15:00,19.2469,22.6466,32.51
471,2022-12-12 16:00,23.4921,21.0877,29.72
472,2022-12-12 17:00,20.6454,24.1351,26.61
473,2022-12-12 18:00,20.8284,23.854,23.66
474,2022-12-12 19:00,21.423,23.5056,21.07
475,2022-12-12 20:00,21.806,23.1416,19.14
476,2022-12-13 05:00,26.7569,20.9878,17.09
477,2022-12-13 06:00,27.8068,20.2031,15.83
478,2022-12-13 07:00,27.1264,19.617,15.11
479,2022-12-13 08:00,25.2409,22.1712,14.09
480,2022-12-13 09:00,47.3984,14.2169,11.14
481,2022-12-13 10:00,40.671,12.199,11.57
482,2022-12-13 11:00,32.9456,18.535,14.35
483,2022-12-13 12:00,29.4721,20.9022,16.1
484,2022-12-13 13:00,26.5813,24.9241,17.06
485,2022-12-13 14:00,25.2195,23.1489,16.71
486,2022-12-13 15:00,23.6593,21.7168,16.63
487,2022-12-13 16:00,21.7577,22.343,16.38
488,2022-12-13 17:00,21.4984,22.0767,15.99
489,2022-12-13 18:00,21.4175,21.9937,15.76
490,2022-12-13 19:00,21.5211,21.8521,15.64
491,2022-12-13 20:00,21.1724,22.5213,14.83
492,2022-12-14 05:00,20.7906,22.2053,13.92
493,2022-12-14 06:00,20.453,21.9402,13.01
494,2022-12-14 07:00,19.8605,23.2026,12.79
495,2022-12-14 08:00,21.2483,22.6186,9.5
496,2022-12-14 09:00,20.1578,23.1721,5.88
497,2022-12-14 10:00,18.0913,27.2168,4.38
498,2022-12-14 11:00,18.8865,24.2309,4.6
499,2022-12-14 12:00,18.0195,23.1186,5.25
500,2022-12-14 13:00,16.9226,25.3739,5.83
501,2022-12-14 14:00,18.2348,23.1611,6.96
502,2022-12-14 15:00,13.6685,36.5187,7.71
503,2022-12-14 16:00,11.6897,31.2318,10.87
504,2022-12-14 17:00,11.512,30.7572,14.03
505,2022-12-14 18:00,11.4333,30.5468,17.22
506,2022-12-14 19:00,11.298,30.8225,20.26
507,2022-12-14 20:00,11.4462,30.4346,23.33
508,2022-12-15 05:00,10.0342,38.1023,26.32
509,2022-12-15 06:00,9.7933,37.2835,29.93
510,2022-12-15 07:00,10.6809,36.0891,33.88
511,2022-12-15 08:00,13.3809,34.1731,37.26
512,2022-12-15 09:00,19.4305,28.3662,38.95
513,2022-12-15 10:00,16.6768,30.3363,39.4
514,2022-12-15 11:00,15.7673,29.5407,40.59
515,2022-12-15 12:00,14.7317,29.9338,41.33
516,2022-12-15 13:00,14.4333,28.782,42.91
517,2022-12-15 14:00,13.9124,29.1227,42.03
518,2022-12-15 15:00,13.1494,29.9036,41.3
519,2022-12-15 16:00,13.932,28.3861,40.83
520,2022-12-15 17:00,13.6062,27.7224,40.02
521,2022-12-15 18:00,13.4008,27.3039,39.15
522,2022-12-15 19:00,13.2928,27.0837,38.35
523,2022-12-15 20:00,12.9397,27.451,36.62
524,2022-12-16 05:00,11.611,34.434,35.02
525,2022-12-16 06:00,11.4243,33.8805,34.68
526,2022-12-16 07:00,12.7339,33.1305,35.1
527,2022-12-16 08:00,17.8942,30.6785,36.94
528,2022-12-16 09:00,16.6812,28.599,36.74
529,2022-12-16 10:00,24.6162,24.0145,36.45
530,2022-12-16 11:00,20.6786,29.4518,34.11
531,2022-12-16 12:00,19.142,28.539,32.99
532,2022-12-16 13:00,18.3641,27.8185,31.87
533,2022-12-16 14:00,18.1916,26.5319,30.55
534,2022-12-16 15:00,19.8986,25.0125,29.44
535,2022-12-16 16:00,20.6819,23.453,27.82
536,2022-12-16 17:00,20.1291,22.8261,25.83
537,2022-12-16 18:00,19.8953,22.5611,23.83
538,2022-12-16 19:00,19.6766,22.4504,21.72
539,2022-12-16 20:00,19.3332,22.6404,18.65
540,2022-12-19 05:00,24.3114,21.2431,15.67
541,2022-12-19 06:00,23.7111,20.7186,12.97
542,2022-12-19 07:00,23.2096,20.2804,11.57
543,2022-12-19 08:00,23.7293,19.6938,10.18
544,2022-12-19 09:00,22.1847,21.6665,10.75
545,2022-12-19 10:00,17.1156,36.3433,9.59
546,2022-12-19 11:00,15.4572,37.2637,10.75
547,2022-12-19 12:00,14.134,33.7483,12.24
548,2022-12-19 13:00,15.8023,31.2912,13.83
549,2022-12-19 14:00,14.8738,29.4526,15.37
550,2022-12-19 15:00,13.5571,29.1255,17.27
551,2022-12-19 16:00,12.5842,26.892,19.43
552,2022-12-19 17:00,12.3198,26.1776,21.57
553,2022-12-19 18:00,12.1551,25.8277,23.67
554,2022-12-19 19:00,13.8149,25.0658,25.68
555,2022-12-19 20:00,14.0834,24.373,27.26
556,2022-12-20 05:00,12.6444,29.4281,28.69
557,2022-12-20 06:00,13.6884,28.0963,31.06
558,2022-12-20 07:00,14.2612,27.1968,32.86
559,2022-12-20 08:00,13.3413,28.1585,35.0
560,2022-12-20 09:00,10.4749,38.0404,34.99
561,2022-12-20 10:00,18.3,29.2301,36.09
562,2022-12-20 11:00,21.4046,26.078,34.81
563,2022-12-20 12:00,20.4122,22.8366,33.16
564,2022-12-20 13:00,18.6446,22.7116,31.21
565,2022-12-20 14:00,18.4089,21.2919,29.31
566,2022-12-20 15:00,19.2553,20.1882,27.24
567,2022-12-20 16:00,17.8888,22.3039,24.84
568,2022-12-20 17:00,17.1429,24.0784,23.05
569,2022-12-20 18:00,20.7024,23.044,22.18
570,2022-12-20 19:00,20.3879,22.1572,20.65
571,2022-12-20 20:00,19.9235,21.6525,18.1
572,2022-12-21 05:00,21.9954,20.5331,15.94
573,2022-12-21 06:00,21.3707,19.95,13.95
574,2022-12-21 07:00,20.591,19.9237,11.65
575,2022-12-21 08:00,19.4728,21.1283,7.71
576,2022-12-21 09:00,18.1592,20.4207,6.36
577,2022-12-21 10:00,30.9943,15.8419,6.07
578,2022-12-21 11:00,31.1005,13.848,7.98
579,2022-12-21 12:00,30.1511,13.1026,10.02
580,2022-12-21 13:00,28.967,12.5881,12.32
581,2022-12-21 14:00,30.8098,11.9131,14.96
582,2022-12-21 15:00,31.239,11.2449,17.34
583,2022-12-21 16:00,29.4778,12.6154,19.5
584,2022-12-21 17:00,31.2168,11.9389,21.98
585,2022-12-21 18:00,30.5448,11.6819,24.87
586,2022-12-21 19:00,30.2478,11.3529,27.77
587,2022-12-21 20:00,29.8405,11.2,30.76
588,2022-12-22 05:00,28.0339,15.5168,33.76
589,2022-12-22 06:00,27.7176,16.4699,35.7
590,2022-12-22 07:00,26.7877,19.1044,37.23
591,2022-12-22 08:00,24.3268,21.7786,38.0
592,2022-12-22 09:00,19.3116,24.862,36.09
593,2022-12-22 10:00,13.9421,42.5918,34.24
594,2022-12-22 11:00,11.7777,49.0241,35.05
595,2022-12-22 12:00,10.5493,43.911,36.61
596,2022-12-22 13:00,9.8872,44.5352,37.82
597,2022-12-22 14:00,9.2975,42.8561,39.01
598,2022-12-22 15:00,12.5403,39.3155,40.74
599,2022-12-22 16:00,18.5836,36.1899,41.24
600,2022-12-22 17:00,18.0626,35.1754,40.35
601,2022-12-22 18:00,17.7559,34.578,39.4
602,2022-12-22 19:00,17.2626,35.2843,38.45
603,2022-12-22 20:00,16.7028,35.6456,38.85
